inn,name,phone,address,timezone
1655388058,"ООО ""УПРАВЛЯЮЩАЯ КОМПАНИЯ РАН СЕРВИС""",+78432023039,"г. Казань, ул. Рихарда Зорге, д. 84",Europe/Moscow
1658141764,"ООО ""УЮТСЕРВИС""",+78432022808,"г. Казань, ул. Роторная, д. 1",Europe/Moscow
1659015385,"ЖСК ""Волга-27""",+79046687061,"г. Казань, пр-кт. Победы, д. 72А",Europe/Moscow
1659015434,"ЖСК ""Волга-31""",+78432967319,"г. Казань, пр-кт. Победы, д. 62, к. 1",Europe/Moscow
1659015466,"ЖСК ""Волга-34""",+78432691813,"г. Казань, пр-кт. Победы, д. 62, к. 3",Europe/Moscow
1659015579,"ЖСК ""Волга-44""",,"г. Казань, пр-кт. Победы, д. 44",Europe/Moscow
1659015589,"ЖСК ""Волга-45""",+78432680897,,Europe/Moscow
1659015593,"ЖСК ""Волга-46""",+78432698301,"г. Казань, пр-кт. Победы, д. 40",Europe/Moscow
1659015755,"ЖСК ""Казанка-2""",+78432692727,"г. Казань, пр-кт. Победы, д. 72",Europe/Moscow
1659042149,"ТСЖ ""Победа""",,"г. Казань, пр-кт. Победы, д. 35",Europe/Moscow
1659046305,"ТСЖ ""Алга""",+79656018032,"г. Казань, пр-кт. Победы, д. 43",Europe/Moscow
1659047732,"ТСЖ ""Победа-1""",+78432286712,"г. Казань, пр-кт. Победы, д. 35а",Europe/Moscow
1659054011,"ТСЖ ""Магистраль""",+78432289890,,Europe/Moscow
1659065065,"ТСЖ ""Казанка-18""",+78432681318,"г. Казань, пр-кт. Победы, д. 18, к. 1",Europe/Moscow
1659066622,"ООО ""УК ""ГОРКИ""",+79872960422,"г. Казань, ул. Сафиуллина, д. 17а",Europe/Moscow
1659067697,"ООО ""КССК""",+78432778567,"г. Казань, ул. Оренбургский тракт, д. 5",Europe/Moscow
1659072560,"ТСЖ ""Волга-51""",+78432680339,"г. Казань, пр-кт. Победы, д. 20",Europe/Moscow
1659079029,"ТСЖ ""Проспект Победы 35б""",+79061109448,"г. Казань, пр-кт. Победы, д. 35б",Europe/Moscow
1660084143,"ООО ""Управляющая компания Райжилуправления Советского района""",+78432085570,"г. Казань, пр-кт. Победы, д. 114",Europe/Moscow
7706816114,ГБУ «Жилищник района Якиманка»,+74959532664,"г. Москва, пер. Кадашевский 1-й, д. 9, стр. 1",Europe/Moscow
7707646923,"ООО ""ТСЖ Столица""",+74953749220,"г. Москва, пер. Тихвинский, д. 11, стр. 2, п. 1",Europe/Moscow
7721707688,ООО «Жилищник»,+74995179260,"г. Москва, проезд. Михайловский Верхн. 2-й, д. 5",Europe/Moscow
7726665079,ООО УК «Свитхом»,+74952253078,"г. Москва, пер. Чапаевский, д. 3",Europe/Moscow
7730199840,ГБУ ЭВАЖД,+74992430727,"г. Москва, ул. Бородинская 2-я, д. 17",Europe/Moscow
7736246817,"ООО ""НЕГА-М""",+74992724766,"г. Москва, пр-кт. Ломоносовский, д. 6",Europe/Moscow
7736247137,"ГБУ ""Жилищник Гагаринского района""",+74956512740,"г. Москва, пр-кт. Ленинский, д. 60/2",Europe/Moscow
7736584333,"ТСЖ ""Ленинский проспект, 75/9""",+79161763614,"г. Москва, пр-кт. Ленинский, д. 75/9",Europe/Moscow
7804035768,ЖСК-151,+78129637143,"г. Санкт-Петербург, пр-кт. Гражданский, д. 23, к. 1",Europe/Moscow
7804042910,ЖСК № 669,+78126467465,"г. Санкт-Петербург, пр-кт. Гражданский, д. 33",Europe/Moscow
7804153433,ТСЖ «Гражданский 24»,+78125349791,"г. Санкт-Петербург, пр-кт. Гражданский, д. 24",Europe/Moscow
7804182191,"ТСЖ ""Гражданский 89/71""",+78122489172,"г. Санкт-Петербург, пр-кт. Гражданский, д. 89/71",Europe/Moscow
7804388890,"ТСЖ ""Гражданский 32""",+78123376426,"г. Санкт-Петербург, пр-кт. Гражданский, д. 32",Europe/Moscow
7804391903,"ООО ""ЖКС №2 Калининского района""",+78122416949,"г. Санкт-Петербург, ул. Вавиловых, д. 13, к. 1",Europe/Moscow
7814379550,"АО ""Сервис-Недвижимость""",+78123483459,"г. Санкт-Петербург, пр-кт. Богатырский, д. 2, лит. А, п. кабинет 2 34",Europe/Moscow
